{"name":"t:sections.header.name","type":"header","sections":{"header":{"type":"header","disabled":true,"settings":{"logo_position":"middle-left","menu":"main-menu","menu_type_desktop":"dropdown","sticky_header_type":"on-scroll-up","show_line_separator":true,"color_scheme":"scheme-1","menu_color_scheme":"scheme-1","enable_country_selector":true,"enable_language_selector":true,"enable_customer_avatar":true,"mobile_logo_position":"center","margin_bottom":0,"padding_top":20,"padding_bottom":20}},"custom_liquid_bUbBjj":{"type":"custom-liquid","custom_css":[],"settings":{"custom_liquid":"<div class=\"shopify-horizontal-section\">\n  <div class=\"image-container\">\n<div class=\"img1\">\n    <img src=\"https:\/\/cdn.shopify.com\/s\/files\/1\/0628\/3696\/5450\/files\/Logo.png?v=1735971545\" alt=\"Image 1\" class=\"image\">\n<\/div>\n<div class=\"img2\"> \n<img src=\"https:\/\/cdn.shopify.com\/s\/files\/1\/0628\/3696\/5450\/files\/Logo_2.png?v=1735971546\" alt=\"Image 2\" class=\"image\">\n  <\/div>\n<\/div>\n\n  <div class=\"text-button-container\">\n    <p class=\"text\"><b>RENTAL PLANS<\/b><\/p>   \n<button class=\"custom-button\">Request a Call Back<\/button>\n<\/div>\n<\/div>\n\n\n\n\n\n\n<style>\n  .shopify-horizontal-section {\n    display: flex;\n    justify-content: space-between; \n    align-items: center; \n    padding: 20px;\n    background-color: white;\n    width: 100%;\n       height:20px;\n    box-sizing: border-box; \n  }\n\n  .image-container {\n   display: flex;\nwidth: 185.532px;\nheight: 40px;\npadding-left:100px;\npadding-right: Auto;\njustify-content: center;\nalign-items: center;\ngap: 11.989px;\n  }\n\n  \n.img1{\nwidth: 38.365px;\nheight: 40px;\nflex-shrink: 0;\n      }\n\n.img2{\nwidth: 135.178px;\nheight: 22.5px;\nflex-shrink: 0;\n      }\n\n.text-button-container {\n\npadding-right:40px;\npadding-right:Auto;\n  display: flex;\njustify-content: right;\nalign-items: right;\ngap: 40px;\n  }\n\n.custom-button {\n  padding: 6px 12px;\n  background-color: #007aff;\n  color: white;\n  border-radius: 8px;\n  font-size: 14px;\n  font-weight: bold;\n  cursor: pointer;\n  transition: all 0.3s ease;\nborder: 1px solid var(--01-Primary-03-Main, #36F);\nbackground: var(--01-Primary-03-Main, #36F);\nbox-shadow: 0px 8px 16px 0px rgba(51, 102, 255, 0.24);\n}\n\n.custom-button:hover {\n  background-color: #005bb5;\n  box-shadow: 0 4px 6px rgba(0, 0, 0, 0.15);\n}\n\n.custom-button:active {\n  background-color: #004499;\n  box-shadow: inset 0 2px 4px rgba(0, 0, 0, 0.2);\n}\n\n.textbox {\n  width: 200px;\n  padding: 6px 10px;\n  font-size: 14px;\n  border: 1px solid #ccc;\n  border-radius: 4px;\n  box-sizing: border-box;\nfont-weight: bold;\n}\n<\/style>","color_scheme":"scheme-1","padding_top":24,"padding_bottom":24}}},"order":["header","custom_liquid_bUbBjj"]}