{"sections":{"image_banner_y4npdB":{"type":"image-banner","settings":{"image":"shopify:\/\/shop_images\/PB_Lento_Web_2_1.jpg","image_overlay_opacity":0,"image_height":"large","desktop_content_position":"middle-center","show_text_box":true,"desktop_content_alignment":"center","color_scheme":"","image_behavior":"none","mobile_content_alignment":"center","stack_images_on_mobile":true,"show_text_below":true}},"custom_liquid_gxKnBz":{"type":"custom-liquid","settings":{"custom_liquid":"<div class=\"offer\">\n<p class=\"Text\">RENTALS STARTING @ ₹ 999\/MONTH<\/p>\n<\/div>\n\n\n<style>\n.offer{\ndisplay: flex;\nheight: 40px;\npadding: 0px 100px;\njustify-content: center;\nalign-items: center;\ngap: 250px;\nalign-self: stretch;\nbackground: var(--12-Background-Light-03-Neutral, #F4F6F8);\nmargin-left:100px;\nmargin-right:100px;\n}\n\n.Text{\ncolor: var(--11-Text-Color-Light-02-Text-Secondary, #637381);\n\/* Subtitle1 *\/\nfont-family: Roboto;\nfont-size: 16px;\nfont-style: normal;\nfont-weight: 500;\nline-height: 24px; \/* 150% *\/\n}\n<\/style>","color_scheme":"","padding_top":0,"padding_bottom":48}},"custom_liquid_caLwnT":{"type":"custom-liquid","custom_css":[],"settings":{"custom_liquid":"<!DOCTYPE html>\n<html lang=\"en\">\n<head>\n  <meta charset=\"UTF-8\">\n  <meta name=\"viewport\" content=\"width=device-width, initial-scale=1.0\">\n  <title>Energy Efficient Inverter\/UPS<\/title>\n  <link rel=\"stylesheet\" href=\"{{ 'landing-page.css' | asset_url }}\">\n<\/head>\n<body>\n  <section class=\"landing-page\">\n    <div class=\"container\">\n      <!-- Header Section -->\n   <div class=\"header\">\n  <!-- Left Section: Heading and Ribbon -->\n  <div class=\"left-section\">\n    <h1 class=\"main-heading\">Most Energy Efficient <br> Inverter\/UPS<\/h1>\n    <div class=\"ribbon\">Saves up to ₹ 1320* on your annual electricity bill<\/div>\n  <\/div>\n\n  <!-- Right Section: Features -->\n  <div class=\"right-section\">\n    <div class=\"features\">\n      <div class=\"feature-item\">\n        <img src=\"https:\/\/cdn.shopify.com\/s\/files\/1\/0628\/3696\/5450\/files\/ic_refund.jpg?v=1735982320\" alt=\"Cost Saving Icon\">\n        <p>20% Cost Saving* In Each Cycle<\/p>\n      <\/div>\n      <div class=\"feature-item\">\n        <img src=\"https:\/\/cdn.shopify.com\/s\/files\/1\/0628\/3696\/5450\/files\/ic_assurances.jpg?v=1735982301\" alt=\"Backup Time Icon\">\n        <p>Years of Consistent Backup Time<\/p>\n      <\/div>\n      <div class=\"feature-item\">\n        <img src=\"https:\/\/cdn.shopify.com\/s\/files\/1\/0628\/3696\/5450\/files\/ic_newdevice.jpg?v=1735982301\" alt=\"Self Discharge Icon\">\n        <p>Minimal Self Discharge<\/p>\n      <\/div>\n    <\/div>\n  <\/div>\n<\/div>\n\n      <!-- Product Description Section -->\n      <div class=\"product-details\">\n        <div class=\"product-text\">\n          <h2><b>Designed to suit your evolving needs<\/h2>\n          <ul>\n            <li>Zero Maintenance <img src=\"https:\/\/cdn.shopify.com\/s\/files\/1\/0628\/3696\/5450\/files\/repair-3d-icon-download-in-png-blend-fbx-gltf-file-formats--maintenance-work-equipment-user-interface-pack-icons-5604678_1_006b6b57-5868-48d4-b339-dbbdd2f4002a.png?v=1735982300\" alt=\"Repair\"><\/li>\n            <li>Fast Charging <img src=\"https:\/\/cdn.shopify.com\/s\/files\/1\/0628\/3696\/5450\/files\/6042662_1.png?v=1735982302\" alt=\"FastCharge\"><\/li>\n            <li>4 Layers of Protection <img src=\"https:\/\/cdn.shopify.com\/s\/files\/1\/0628\/3696\/5450\/files\/check-shield-10614179-8579923_1.png?v=1735982301\" alt=\"Chech=k\"><\/li>\n            <li>Portable & Compact <img src=\"https:\/\/cdn.shopify.com\/s\/files\/1\/0628\/3696\/5450\/files\/8468144_1.png?v=1735982269\" alt=\"Arrow\"><\/li>\n         <\/ul>\n        <\/div>\n        <div class=\"product-image\">\n          <img src=\"https:\/\/cdn.shopify.com\/s\/files\/1\/0628\/3696\/5450\/files\/OEM_5_1.png?v=1735982302\" alt=\"Product Image\">\n        <\/div>\n      <\/div>\n    <\/div>\n  <\/section>\n<\/body>\n<\/html>\n\n<style>\n\/* General Styles *\/\nbody {\n  margin: 0;\n  padding: 0;\n  font-family: Arial, sans-serif;\nbackground-color: white;\n  color: black;\n}\n\n.landing-page {\n  padding: 40px 20px;\n background-color: white; \/* Background color is white *\/\n  background-color: white;\n  color: black;\n}\n\n\/* Container for all content *\/\n.container {\n  max-width: 1200px;\n  margin: 0 auto;\n  display: flex;\n  flex-direction: column;\n  align-items: center;\n  gap: 40px;\nbackground-color: white; \n  color: black;\n\n}\n\n\/* Header Section *\/\n.header {\n  display: flex; \/* Use flexbox for alignment *\/\n  justify-content: space-between; \/* Space between left and right sections *\/\n  align-items: flex-start; \/* Align items at the top *\/\n  padding: 20px;\n  gap: 20px;\n}\n.left-section {\n  display: flex;\n  flex-direction: column; \/* Stack heading and ribbon vertically *\/\n  align-items: flex-start; \/* Align to the leftmost side *\/\n  max-width: 40%; \/* Prevent it from occupying too much space *\/\n}\n.right-section {\n  display: flex;\n  justify-content: flex-end; \/* Align features to the rightmost side *\/\n  max-width: 60%; \/* Prevent it from occupying too much space *\/\n}\n.main-heading {\n  font-size: 2.5rem;\n  font-weight: bold;\n  margin: 0;\n  color: black;\n}\n.main-heading-container {\n  text-align: center; \/* Center-align the heading text *\/\n  margin-bottom: 10px;\n}\n.promo-text {\n  font-size: 1.2rem;\n}\n\n\/* Features Section *\/\n.features {\n  display: grid;\n  grid-template-columns: repeat(3, 1fr); \/* 3 columns for the features *\/\n  gap: 20px;\n}\n\n.feature-item {\n  background: #FFFFFF;\n  color: #212B36;\n  padding: 20px;\n  border-radius: 10px;\n  box-shadow: 0 4px 8px rgba(0, 0, 0, 0.1);\n  text-align: center;\n}\n.feature-item img {\n  width: 50px;\n  height: 50px;\n  margin-bottom: 10px;\n}\n\n\n.feature-item p {\n  font-size: 1rem;\n  font-weight: bold;\n}\n\/* Product Details Section *\/\n.product-details {\n  display: grid;\n  grid-template-columns: 1fr 1fr;\n  gap: 20px;\n  background: #FFFFFF;\n  color: #212B36;\n  padding: 20px;\n  border-radius: 10px;\n  box-shadow: 0 4px 8px rgba(0, 0, 0, 0.1);\n}\n\n.product-text {\n  margin: 20px 0;\n}\n\n.product-text h2 {\n  font-size: 30px;\n  margin-bottom: 20px;\n  text-align: Center;\n  color: #212B36;\n}\n\n.product-text ul {\n  list-style: none;\n  padding: 0;\n  margin: 0;\n}\n\n.product-text ul li {\n  display: flex;\n  align-items: center;\n  justify-content: space-between;\n  font-size: 1.5rem;\n  font-weight: bold;\n  margin: 20px 0;\n  padding: 15px;\n  border-radius: 8px;\n  background-color: #F9F9F9;\n  box-shadow: 0 2px 5px rgba(0, 0, 0, 0.1);\n}\n\n.product-text ul li img {\n  max-width: 70px;\n  height: auto;\n}\n\n.product-text ul li span {\n  text-align: left;\n  flex-grow: 1;\n  font-size: 1.6rem;\n  font-weight: bold;\n  color: #212B36;\n  margin-left: 15px;\n}\n\n\n\n.product-image img {\n  max-width: 300px;\n  border-radius: 10px;\n}\n\n.ribbon {\n  background-color: #007bff; \n  color: white;\n  padding: 10px 15px;\n  tfont-size: 10px;\n  text-align: left;\n flex-shrink: 0;\n  margin-top: 20px; \/* Space below the heading *\/\n  width: 100%; \/* Occupy full width *\/\n  box-sizing: border-box; \/* Ensure padding doesn't affect width *\/\n  position: relative;\n\n}\n\n.ribbon:before,\n.ribbon:after {\n  content: \"\";\n  position: absolute;\n  top: 100%;\n  width: 0;\n  height: 0;\n  border-style: solid;\n}\n\n.ribbon:before {\n  left: 0;\n  border-width: 10px 20px 0 0;\n  border-color: #007bff transparent transparent transparent;\n}\n\n.ribbon:after {\n  right: 0;\n  border-width: 10px 0 0 20px;\n  border-color: #007bff transparent transparent transparent;\n\n@media (max-width: 768px) {\n  .header {\n    flex-direction: column; \/* Stack heading, ribbon, and features vertically *\/\n    align-items: center;\n  }\n\n  .features {\n    grid-template-columns: 1fr; \/* Single column on smaller screens *\/\n  }\n}\n  .product-details {\n    grid-template-columns: 1fr;\n    text-align: center;\n  }\n\n  .product-image img {\n    margin-top: 20px;\n    max-width: 100%;\n  }\n}\n\n<\/style>","color_scheme":"","padding_top":20,"padding_bottom":52}},"custom_liquid_PbEr6d":{"type":"custom-liquid","settings":{"custom_liquid":"<div class=\"real-time-monitoring\">\n    <!-- Left Section: Phone Image -->\n    <div class=\"left-section\">\n        <img src=\"https:\/\/cdn.shopify.com\/s\/files\/1\/0628\/3696\/5450\/files\/mobile_mockupo_1.png?v=1735991571\" alt=\"Phone\" class=\"phone-image\">\n    <\/div>\n\n    <!-- Right Section: Content -->\n    <div class=\"right-section\">\n        <h2 class=\"section-title\">Real Time<br> <b>Monitoring<\/b><\/h2>\n        <ul>\n            <li>\n                <img src=\"https:\/\/cdn.shopify.com\/s\/files\/1\/0628\/3696\/5450\/files\/teenyicons_shield-tick-solid.png?v=1735991571\" alt=\"Bullet\" class=\"bullet-icon\">\n                <div class=\"content-text\">\n                    <h3>Track Your System Performance<\/h3>\n                    <p>Monitor your inverter's performance in real-time.<\/p>\n                <\/div>\n            <\/li>\n            <li>\n                <img src=\"https:\/\/cdn.shopify.com\/s\/files\/1\/0628\/3696\/5450\/files\/teenyicons_shield-tick-solid.png?v=1735991571\" alt=\"Bullet\" class=\"bullet-icon\">\n                <div class=\"content-text\">\n                    <h3>Optimize Backup Time<\/h3>\n                    <p>Maximize your backup duration efficiently.<\/p>\n                <\/div>\n            <\/li>\n            <li>\n                <img src=\"https:\/\/cdn.shopify.com\/s\/files\/1\/0628\/3696\/5450\/files\/teenyicons_shield-tick-solid.png?v=1735991571\" alt=\"Bullet\" class=\"bullet-icon\">\n                <div class=\"content-text\">\n                    <h3>Check System Alerts<\/h3>\n                    <p>Get instant alerts on any system issues.<\/p>\n                <\/div>\n            <\/li>\n            <li>\n                <img src=\"https:\/\/cdn.shopify.com\/s\/files\/1\/0628\/3696\/5450\/files\/teenyicons_shield-tick-solid.png?v=1735991571\" alt=\"Bullet\" class=\"bullet-icon\">\n                <div class=\"content-text\">\n                    <h3>Request Support<\/h3>\n                    <p>Easily request technical support.<\/p>\n                <\/div>\n            <\/li>\n        <\/ul>\n    <\/div>\n<\/div>\n\n<style>\n.real-time-monitoring {\n    display: flex;\n    justify-content: space-between;\n    align-items: flex-start;\n    padding: 20px;\n    gap: 30px;\n}\n\n.left-section {\n    flex: 1;\n}\n\n.phone-image {\n    max-width: 100%;\n    border-radius: 10px;\n    box-shadow: 0px 4px 10px rgba(0, 0, 0, 0.1);\n}\n\n.right-section {\n    flex: 1;\n    background-color: #ffffff;\n    padding: 20px;\n    border-radius: 10px;\n    box-shadow: 0px 4px 10px rgba(0, 0, 0, 0.1);\n    display: flex;\n    flex-direction: column; \/* Ensures vertical stacking of title and bullet points *\/\n}\n\n.section-title {\n    font-size: 36px;\n   \n    color: #333333;\n    margin-bottom: 20px; \/* Space below the title *\/\n    text-align: left;\n}\n\n.bullet-list {\n    list-style: none;\n    padding: 0;\n    margin: 0;\n    display: flex;\n    flex-direction: column; \/* Stacks bullet points vertically *\/\n    gap: 20px; \/* Space between bullet points *\/\n}\n\n.bullet-list li {\n    display: flex;\n    align-items: flex-start;\n}\n\n.bullet-icon {\n    width: 40px;\n    height: 40px;\n    margin-right: 15px;\n    flex-shrink: 0;\n}\n\n.content-text {\n    display: flex;\n    flex-direction: column;\n}\n\n.content-text h3 {\n    font-size: 18px;\n    font-weight: bold;\n    margin: 0 0 5px 0;\n    color: #333333;\n}\n\n.content-text p {\n    font-size: 14px;\n    color: #666666;\n    margin: 0;\n}\n<\/style>","color_scheme":"","padding_top":40,"padding_bottom":52}},"custom_liquid_78nymM":{"type":"custom-liquid","settings":{"custom_liquid":"<div class=\"rental-section\">\n    <!-- Heading Section -->\n    <div class=\"heading-section\">\n        <h2>Take The Power In Your Hands<\/h2>\n        <p>With Easy Monthly Rentals<\/p>\n    <\/div>\n\n    <!-- Features Section -->\n    <div class=\"features-section\">\n        <div class=\"feature\">\n            <div class=\"feature-icon\" style=\"background-image: url('https:\/\/cdn.shopify.com\/s\/files\/1\/0628\/3696\/5450\/files\/bg.png?v=1735993919');\">\n                <img src=\"https:\/\/cdn.shopify.com\/s\/files\/1\/0628\/3696\/5450\/files\/on-time.png?v=1735993957\" alt=\"Free Shipping Icon\">\n            <\/div>\n            <p>Free Shipping<\/p>\n        <\/div>\n        <div class=\"divider\"><\/div>\n        <div class=\"feature\">\n            <div class=\"feature-icon\" style=\"background-image: url('https:\/\/cdn.shopify.com\/s\/files\/1\/0628\/3696\/5450\/files\/bg.png?v=1735993919');\">\n                <img src=\"https:\/\/cdn.shopify.com\/s\/files\/1\/0628\/3696\/5450\/files\/maintenance_1_1.png?v=1735993936\" alt=\"Free Installation Icon\">\n            <\/div>\n            <p>Free Installation<\/p>\n        <\/div>\n        <div class=\"divider\"><\/div>\n        <div class=\"feature\">\n            <div class=\"feature-icon\" style=\"background-image: url('https:\/\/cdn.shopify.com\/s\/files\/1\/0628\/3696\/5450\/files\/bg.png?v=1735993919');\">\n                <img src=\"https:\/\/cdn.shopify.com\/s\/files\/1\/0628\/3696\/5450\/files\/location_1.png?v=1735993957\" alt=\"Free Relocation Icon\">\n            <\/div>\n            <p>Free Relocation<\/p>\n        <\/div>\n    <\/div>\n<\/div>\n\n<style>\n.rental-section {\n    max-width: 1200px;\n    margin: 0 auto;\n    padding: 50px 20px;\n}\n\n.heading-section {\n    text-align: center;\n    background-color: #ffffff;\n    padding: 20px;\n    border-radius: 10px;\n    box-shadow: 0px 4px 10px rgba(0, 0, 0, 0.1);\n    margin-bottom: 0px;\n}\n\n.heading-section h2 {\n    font-size: 38px;\n    font-weight: bold;\n    color: #333333;\n    margin-bottom: 10px;\n}\n\n.heading-section p {\n    font-size: 24px;\n    color: #666666;\n}\n\n.features-section {\n    display: flex;\n    justify-content: space-between;\n    align-items: center;\n    gap: 20px;\n    background-color: #f9fafb;\n    padding: 20px;\n    border-radius: 10px;\n    box-shadow: 0px 4px 10px rgba(0, 0, 0, 0.1);\n}\n\n.feature {\n    flex: 1;\n    text-align: center;\n    position: relative;\n    padding: 10px;\n}\n\n.feature-icon {\n    width: 80px; \/* Reduced size *\/\n    height: 80px; \/* Reduced size *\/\n    margin: 0 auto;\n    background-size: cover;\n    background-repeat: no-repeat;\n    position: relative;\n    display: flex;\n    align-items: center;\n    justify-content: center;\n    box-shadow: 0px 2px 6px rgba(0, 0, 0, 0.1);\n}\n\n.feature-icon img {\n    width: 50%; \/* Adjusted for smaller size *\/\n    height: auto;\n    position: relative;\n    z-index: 2;\n}\n\n.feature p {\n    margin-top: 10px;\n    font-size: 16px;\n    color: #333333;\n    font-weight: bold;\n}\n\n.divider {\n    width: 1px;\n    background-color: #e0e0e0;\n    height: auto;\n    margin: 0 20px;\n}\n<\/style>","color_scheme":"","padding_top":8,"padding_bottom":0}}},"order":["image_banner_y4npdB","custom_liquid_gxKnBz","custom_liquid_caLwnT","custom_liquid_PbEr6d","custom_liquid_78nymM"]}